<?xml version="1.0" encoding="UTF-8"?>
<project-private xmlns="http://www.netbeans.org/ns/project-private/1">
    <editor-bookmarks xmlns="http://www.netbeans.org/ns/editor-bookmarks/2" lastBookmarkId="0"/>
    <open-files xmlns="http://www.netbeans.org/ns/projectui-open-files/2">
        <group>
            <file>file:/C:/Users/PC/OneDrive/Documentos/UPQ/5to%20Cuatrimestre/Fundamentos%20de%20Programación%20Orientada%20a%20Objetos/1er%20Parcial/ProgramasGitHub/FPOO202/ZeroWaste/src/MENU.java</file>
            <file>file:/C:/Users/PC/OneDrive/Documentos/UPQ/5to%20Cuatrimestre/Fundamentos%20de%20Programación%20Orientada%20a%20Objetos/1er%20Parcial/ProgramasGitHub/FPOO202/ZeroWaste/src/FormUpdate.java</file>
            <file>file:/C:/Users/PC/OneDrive/Documentos/UPQ/5to%20Cuatrimestre/Fundamentos%20de%20Programación%20Orientada%20a%20Objetos/1er%20Parcial/ProgramasGitHub/FPOO202/ZeroWaste/src/ConexionSQL.java</file>
            <file>file:/C:/Users/PC/OneDrive/Documentos/UPQ/5to%20Cuatrimestre/Fundamentos%20de%20Programación%20Orientada%20a%20Objetos/1er%20Parcial/ProgramasGitHub/FPOO202/ZeroWaste/src/FormInsert.java</file>
            <file>file:/C:/Users/PC/OneDrive/Documentos/UPQ/5to%20Cuatrimestre/Fundamentos%20de%20Programación%20Orientada%20a%20Objetos/1er%20Parcial/ProgramasGitHub/FPOO202/ZeroWaste/src/FormRead.java</file>
            <file>file:/C:/Users/PC/OneDrive/Documentos/UPQ/5to%20Cuatrimestre/Fundamentos%20de%20Programación%20Orientada%20a%20Objetos/1er%20Parcial/ProgramasGitHub/FPOO202/ZeroWaste/src/FormDelete.java</file>
            <file>file:/C:/Users/PC/OneDrive/Documentos/UPQ/5to%20Cuatrimestre/Fundamentos%20de%20Programación%20Orientada%20a%20Objetos/1er%20Parcial/ProgramasGitHub/FPOO202/ZeroWaste/src/UserCRUD.java</file>
        </group>
    </open-files>
</project-private>
